Gene name,sequence,chrom,start,end,ATAC-seq (GSM6896554),ATAC-seq (GSM7256892),IDT,CHOP2016,CHOP2014,CHOP_Xu,CHOP_MM,DeepSpCas9,DeepHF (U6),DeepHF (T7),Azimuth2.0,CRISPRedict (U6),CRISPRedict (T7),VBC,CRISPick,SPROUT,efficiency_T,1st,2nd,3rd,4th,5th,6th,7th,DeepCRISTL,doench14__
AIRE,ACCTCTTACCTCCTCTCCCGCCGACCTAAGCCCCGGGGGGAGCTGGAACCCAAGGGTCAG,chr21,2416949,2417009,0.163,0.032,31,41.33,0.55,0.68,0.59,67.78276825,0.695228338,0.549321771,0.41335,0.527301418,0.330192746,0.483,-,78.23076923,91.0,91,92,,,,,,0.75995405515035,0.2131689643574606
ARID1A,CCCTCGGAGCTGAAGAAAGCCGAGCAGCAGCAGCGGGAGGAGGCGGGGGGCGAGGCGGCG,chr1,26696463,26696523,0.438,0.181,32,44.22,0.51,0.7,0.63,58.36859131,0.678150415,0.501269102,0.4422,0.601239513,0.36000032,0.402,0.1828,86.92307692,93.0,91,95,,,,,,0.7292031745115916,0.24614551188738784
ARID1A,GCTCTCGGCCCCGTCCTGCAGCTCCTTTCCCAGCGGCTGCGGCGGCCCCACGGCGGGGCC,chr1,222259782,222259842,0.519,0.235,51,67.59,0.89,0.69,0.64,67.81674957,0.670623183,0.646236539,0.6759,0.471714338,0.374991801,0.484,-0.2236,86.88888889,85.0,84,86,,,,,,0.5480647285779318,0.6368843947808853
BACH2,GATATTCTCTGTGACGTGACTTTGATCGTGGAGAGGAAGGAGTTCCGGGCCCACCGGGCT,chr6,80797234,80797294,0.132,0.299,65,71.05,0.17,0.65,0.64,42.06733322,0.623863399,0.435208291,0.7105,0.408347499,0.494658821,0.612,-0.5346,65.14285714,39.5,36,43,,,,,,0.3399277726809184,0.10973959780731929
BACH2,CACACAGTACCTCAGGTTTTGCAAGCACATTCCGGGAAGATAACTCTAGCAACAGCCTCA,chr6,80854613,80854673,0.116,0.0746,72,36.64,0.07,0.4,0.63,19.46150017,0.538529456,0.322124779,0.36638,0.263532579,0.127560215,0.553,-,67.61290323,53.5,54,53,,,,,,0.7452386717001597,0.03049849999392895
BATF3,CGGCCGCCGGCAGCGTCCTGCAGAGGAGCGTCGCGGCGCCCGGGAACCAGCCGCAGCCGC,chr1,36256676,36256736,0.806,1.04,28,65.17,0.65,0.65,0.63,61.51791763,0.656828284,0.538267374,0.65169,0.637120472,0.156573909,0.65,-,68.51515152,70.0,68,72,,,,,,0.7729517022768656,0.29123560633667583
CD83,CGAAACACTACCAGCTGCAACTCGGGGACATACAGGTGCACTCTGCAGGACCCGGATGGG,chr6,14131648,14131708,0.062,0.0213,64,48.8,0.27,0.45,0.6,29.24095726,0.397280693,0.188375264,0.488,0.284754598,0.542780835,0.698,0.2627,60.45454545,88.75,83,88,93.0,91.0,,,,0.5870952904224396,0.1332222862596232
CD83,AATACAGAGCGGAGATTGTCCTGCTGCTGGCTCTGGTTATTTTCTACTTAACACTCATCA,chr6,14133684,14133744,0.062,0.0,30,42.49,0.04,0.43,0.62,49.64377213,0.607598841,0.354195505,0.4249,0.33114561,0.317039925,0.401,-0.8895,69.53846154,0.0,0,0,,,,,,0.3853198637564977,0.02795566970475252
CDKN2B,AATGCGCGAGGAGAACAAGGGCATGCCCAGTGGGGGCGGCAGCGATGAGGGTCTGGCCAG,chr9,116385763,116385823,0.62,0.81,51,58.09,0.11,0.71,0.68,56.95526505,0.619248748,0.582578182,0.5809,0.645951124,0.893935818,0.582,-0.09926,76.66666667,1.5,3,0,,,,,,0.5737325648466746,0.03681435749497203
CDKN2B,GGCGCGGATCCCAACGGAGTCAACCGTTTCGGGAGGCGCGCGATCCAGGTAGCTGGGGCC,chr9,116385872,116385932,0.813,0.917,59,65.24,0.44,0.76,0.65,62.74573898,0.674508512,0.54438889,0.6524,0.497942152,0.571643301,0.637,0.1186,42.25806452,70.0,70,70,,,,,,0.6656085749467214,0.16922636366150975
CDKN2B,GCATGCCCAGTGGGGGCGGCAGCGATGAGGGTCTGGCCAGCGCCGCGGCGCGGGGACTAG,chr9,116385783,116385843,0.604,0.842,4,38.29,0.01,0.49,0.65,38.85226059,0.663102388,0.598118722,0.38292,0.3652542,0.546344261,0.414,-0.1753,65.25,0.0,0,0,,,,,,0.4074943959712982,0.0020868678813518488
CDKN2C,CTTTGCTGGAGTTTCAAGCTGATGTTAACATCGAGGATAATGAAGGGAACCTGCCCTTGC,chr1,50974025,50974085,0.0387,0.032,63,65.2,0.22,0.61,0.56,59.74006653,0.68866837,0.51973772,0.652,0.562511069,0.227000933,0.612,-0.0549,86.46511628,0.0,0,0,,,,,,0.3978191614151001,0.266523448990315
CDKN2C,CCTGGCAGCTGCGGACGCCAACTCGTTCCCCCAAGGCTCGGCCATTCTTTAGGGTCCTGA,chr1,197986009,197986069,0.352,0.485,67,60.25,0.2,0.61,0.63,56.91261673,0.732708395,0.574266315,0.6025,0.544558409,0.496310407,0.624,0.5644,78.0,62.0,46,78,,,,,,0.5633939454952875,0.07268352241556474
CDKN2C,AAATCCCGAGATTGCCAGGAGACTGCTACTTAGAGGTGCTAATCCCGATTTGAAAGACCG,chr1,50973906,50973966,0.0155,0.0,55,47.58,0.54,0.48,0.6,52.28895569,0.621249437,0.618307352,0.47578,0.415895842,0.407142265,0.581,0.726,63.85714286,81.0,82,80,,,,,,0.719762514034907,0.36939433234686164
CDKN2C ,TGCACTTGGCTGCCAAAGAAGGCCACCTCCGGGTGGTGGAGTTCCTGGTGAAGCACACGG,chr1,50974082,50974142,0.0232,0.0107,70,66.52,0.18,0.65,0.64,55.02501678,0.55673027,0.329507709,0.6652,0.399138986,0.433600461,0.754,0.7354,60.58974359,21.0,17,25,,,,,,0.5045147637526194,0.09351432961291788
CTBP1,GCACCAAGTCCGATGATGCCCAAGGTCTCCCCGCGGATCCTGGCAGCGCCGGACGCCACC,chr4,1225355,1225415,0.0465,0.0213,60,75.75,0.93,0.69,0.61,65.68732452,0.672352493,0.568320453,0.7575,0.735254879,0.416408289,0.721,0.5717,99.97297297,15.0,17,13,,,,,,0.6105801165103912,0.8541144237066108
CTBP1,GCTCTTCCACAGCGACTGCGTGACCCTGCACTGCGGCCTCAACGAGCACAACCACCACCT,chr4,188998480,188998540,0.147,0.064,63,71.76,0.46,0.67,0.62,73.61655426,0.706763566,0.642382979,0.7176,0.786675045,0.580822644,0.823,0.5283,71.93617021,51.5,36,74,47.0,49.0,,,,0.682893971602122,0.18486169761210106
CTBP1,TTGGCAGTGGTTTTGACAACATCGACATCAAGTCGGCCGGGGATTTAGGTAGGCCGGCTC,chr4,188986309,188986369,0.0697,0.0426,55,70.29,0.68,0.58,0.56,48.64246368,0.56319654,0.089524984,0.7029,0.349822269,0.245693554,0.764,0.6011,69.33333333,48.0,46,50,,,,,,0.5205377141634623,0.5800718207781626
CTBP1,GCGTCGCAGAAGGCCACAGTGGCCACGTCCTTCAGGATGGGCATCTCCACTGTGCAGTCC,chr4,1238210,1238270,0.167,0.0746,47,29.19,0.05,0.35,0.56,12.74567318,0.230291486,0.0750916,0.29192,0.173522276,0.305154799,0.548,-0.3132,65.0,0.0,0,0,,,,,,0.4172535041968028,0.023533774047357185
DEK,GTCCTCATTAAAGAAGAATGTGGGTCAGTTCAGTGGCTTTCCATTTGAAAAAGGAAGTGT,chr6,152549526,152549586,0.0232,0.0,54,60.71,0.24,0.56,0.63,52.51735687,0.655283034,0.554349303,0.6071,0.504831219,0.152869325,0.676,0.2615,62.0,56.0,46,66,,,,,,0.4348345746596654,0.18924837710932224
DEK,AATCTAAAAAAACTTGTAGCAAAGGCAGTAAAAAGGAACGGAACAGTTCTGGAATGGCAA,chr6,152556150,152556210,0.0387,0.0213,41,33.25,0.11,0.57,0.6,27.17336655,0.433478236,0.132146776,0.33245,0.292160601,0.187217396,0.533,-0.08424,65.0,55.5,77,34,,,,,,0.532258152961731,0.16229238871838436
DGKQ,ACCTTCTGCCACCTCTGCTCCGACTTCATCTGGGGGCTGGCCGGCTTCCTGTGCGACGGT,chr4,189241286,189241346,1.29,0.821,57,60.58,0.56,0.74,0.63,66.90297699,0.667573571,0.509859025,0.6058,0.605587978,0.38796998,0.732,1.448,68.82352941,57.0,82,32,,,,,,0.5423271258672079,0.3184989268944422
DNAJC24,TGTGTACAGAAGTTCATCGAAATTGATCAAGCATGGAAAATTCTAGGAAATGAAGAGACA,chr11,31414861,31414921,0.0232,0.0213,53,56.58,0.23,0.5,0.56,36.0477066,0.515573859,0.049032152,0.5658,0.286270851,0.050855123,0.556,-0.3804,65.59259259,0.0,0,0,,,,,,0.4719870587189992,0.3489404307824131
DNAJC24,GTAGATGCTCAAGTATATCTTGAAGAAATGTCTTGGAATGAAGGTTGGATTTTTTTTTTC,chr11,31426312,31426372,0.0542,0.0,75,52.69,0.04,0.47,0.54,37.44708252,0.492416978,0.015858948,0.52688,0.338287797,-0.123554536,0.677,0.2717,90.81818182,66.5,64,69,,,,,,0.3978893806536992,0.08347549643678451
DNMT3A,TACATTTGCAGGTGGAAAGCGGTGACACGCCAAAGGACCCTGCGGTGATCTCCAAGTCCC,chr2,216910807,216910867,0.0194,0.0107,68,61.67,0.06,0.61,0.64,54.555,0.736223698,0.583082736,0.6167,0.498119365,0.60346342,0.601,-0.3427,84.33333333,19.0,18,19,20.0,,,,,0.5342157681783041,0.022518171641655826
DNMT3A,CAGGCGCCTCAGAGCTATTACCCAATGGGGACTTGGAGAAGCGGAGTGAGCCCCAGCCAG,chr2,216910885,216910945,0.0232,0.032,67,43.23,0.06,0.41,0.55,50.95750809,0.419926822,0.13906616,0.4323,0.397857894,0.387336103,0.43,-0.6258,65.14285714,0.0,0,0,,,,,,0.3055335680643717,0.027666000386902628
DNMT3A,AGTTCTACCGCCTCCTGCATGATGCGCGGCCCAAGGAGGGAGATGATCGCCCCTTCTTCT,chr2,216953103,216953163,0.031,0.0213,13,-,-,-,-,55.21969986,0.526961029,0.452329934,0.46329,0.604651352,0.619557358,0.553,-0.1085,69.14285714,0.0,0,0,,,,,,0.4637096474568049,0.02746147995989567
DNMT3A,CGTGTACACTTCTTTGTAGGGATTCTTCTCTTCTGGAGGAGGAAAGCAGGTGCCAAGGTC,chr2,25246277,25246337,0.062,0.0533,58,22.46,0.02,0.36,0.61,10.96,0.331694216,0.280047446,0.22459,0.1225066,0.392369911,-,-0.859,69.0,0.0,0,0,,,,,,0.3543063352505366,0.020982334857070312
DOT1L,TGCGCCATATCCTGCAGCAGGTCTACAACCACTCGGTGACCGACCCCGAGAAGCTCAACA,chr19,2191066,2191126,0.031,0.0853,46,70.89,0.91,0.52,0.62,53.88409424,0.608676732,0.516613245,0.7089,0.644622823,0.4973568,0.792,1.202,80.0,75.0,70,82,73.0,,,,,0.6994768977165222,0.8083191687838478
DOT1L,CCAGGTCGAAGGAGGTCTCCCCGTACACCTCGGGGGAGAAGGGCTCGTAGTTGTTGAGCT,chr19,56426439,56426499,0.0542,0.0426,52,67.87,0.48,0.6,0.65,64.87198639,0.723304927,0.643246353,0.6787,0.619258166,0.454535183,0.756,1.015,57.02564103,31.66666667,21,42,32.0,,,,,0.5107441941897074,0.2522196538228309
DOT1L,CAAGAAGGGGAGGAAGATGGCTGGCCGCAAGCGCGGGCGCCCCAAGAAGATGAACACTGC,chr19,2210703,2210763,0.031,0.0426,38,45.3,0.42,0.61,0.65,59.14930725,0.616921544,0.542939901,0.45303,0.533482684,0.456519899,0.488,-0.4011,54.77777778,0.0,0,0,,,,,,0.6758544941743215,0.14000011517928485
DPH1,GAGGGCCCTGGGAGCTGACTTCTTGGTGCACTACGGCCACAGTTGCCTGAGTATGGTGGG,chr17,2036041,2036101,0.0697,0.0533,65,60.3,0.81,0.51,0.57,65.56018066,0.501355886,0.3307603,0.603,0.509046457,0.526883239,0.72,1.018,76.0,87.0,75,94,91.0,88.0,,,,0.7291473746299744,0.5297490312000499
DPH1,CTACCCGATGGACTTCTACGCTGGCAGCTCCTTGGGGCCCTGGACGGTGAACCACGGCCA,chr17,2041518,2041578,0.697,0.277,36,21.14,0.01,0.38,0.62,11.37582302,0.348327994,0.306516916,0.2114,0.158697844,0.450871584,0.394,-0.4803,73.28571429,47.5,47,48,,,,,,0.4694498876730601,0.0028921241281290523
DPH2,GCATAGGCTCTGGACTCAGGGAACCCACTGGTTGGGGAAAAGCTGGGCTGGAGACTAGCA,chr1,204984937,204984997,0.116,0.0213,79,40.63,0.05,0.49,0.65,46.94122696,0.457344621,0.459481448,0.4063,0.25160773,0.480786572,0.543,0.625,52.44444444,0.0,0,0,,,,,,0.3663712044556935,0.016785226822518692
DPH2,GTTCCCGGAGCTGGCAAGGGCTGGAGCCCCGCCTGGGTCAGACGCCAGTGACAGAAGCTG,chr1,43972426,43972486,0.093,0.048,7,23.47,0.19,0.52,0.65,22.88801575,0.294494271,0.395487547,0.23472,0.220674645,0.494730572,0.469,-1.963,49.0754717,0.0,0,0,,,,,,0.4384763687849045,0.09109724549189821
DPH5,GTATCTGGAAGCCTACACCTCAGTCCTAACTGTAGGGAAGGAAGCCTTGGTAGGTGCTGA,chr1,147931065,147931125,0.492,0.32,72,62.7,0.1,0.49,0.55,62.17254639,0.730554521,0.554677665,0.627,0.567591417,0.264988182,0.658,0.6826,69.0,84.0,83,85,,,,,,0.5628631462653478,0.05650938378441081
DPH5,TTACCGAGGAGACACTTTGTGTTGGCTTAGCCAGGGTTGGAGCCGACGACCAGAAAATTG,chr1,147965794,147965854,0.031,0.0213,53,60.17,0.8,0.64,0.6,64.51307678,0.637911916,0.203704357,0.60171,0.592085527,0.426401252,0.69,0.3366,72.5,75.0,81,69,,,,,,0.7069668173789978,0.7051698275528583
DUSP22,TCATGATGTATGCGATCACCAGTGTCACGCTCCTGGAGACCCCGGCCAGGCTGCGGGGCC,chr6,170457827,170457887,0.194,0.0853,55,55.1,0.02,0.4,0.56,56.50999069,0.5773983,0.357598007,0.551,0.476454317,0.045866257,0.645,0.837,72.5,1.0,1,1,1.0,,,,,0.5611636638641357,0.007077517545151326
DUSP22,GTGACACATATTCTGTCTGTCCACGATAGTGCCAGGCCTATGTTGGAGGTAAGAGAGCAC,chr6,311914,311974,0.093,0.0213,51,55.57,0.26,0.53,0.58,57.59786606,0.545196116,0.257541597,0.5557,0.381682909,0.220618906,0.594,-0.2531,63.14285714,3.0,5,1,,,,,,0.5402039537827173,0.13088050080250815
DUSP22,GCGTGCTGGGAGATCCTGTGCCAACCCCAACGTGGGCTTCCAGAGACAGCTCCAGGAGTT,chr6,348192,348252,0.101,0.0746,66,63.69,0.26,0.68,0.62,68.12450409,0.667633057,0.540110648,0.6369,0.6256992,0.526457559,0.713,1.026,79.75,17.5,31,4,,,,,,0.4416678150494893,0.15046485708704258
DUSP22,CACACGTACCAGTGTACAAGGCAGCTCTCACCGCGGAGCCGGCACTCGTGAATGAATTTA,chr6,170460042,170460102,0.0232,0.032,55,70.33,0.97,0.7,0.6,80.66369629,0.735980511,0.632513523,0.7033,0.781116173,0.394289886,0.694,1.087,89.49056604,1.0,1,1,,,,,,0.7185758948326111,0.9334869751940661
DUSP22,TGCAGGGAGTTAAATACCTGTGCATCCCAGCAGCGGATTCACCATCTCAAAACCTGTAAG,chr6,335108,335168,0.0232,0.0,32,65.57,0.75,0.72,0.65,58.7128067,0.63891381,0.517572761,0.65571,0.609529325,0.438636967,0.644,0.7996,81.42857143,9.5,10,9,,,,,,0.6557441651821136,0.7145517171004344
EHMT1,GAGGCCCACATGGCTGCGGACGGTGAGACCAATGGGTCTTGTGAAAACAGCGATGCCAGC,chr9,137716672,137716732,0.116,0.0853,74,44.82,0.33,0.41,0.66,30.68249321,0.459621072,0.498982012,0.4482,0.319156707,0.682107013,0.484,-0.4736,61.14814815,54.0,53,55,,,,,,0.6202274759610494,0.16798576868695964
EHMT1,CCCAGGATGGCACCAACACACTAACTCGGATAGCGGAAAATGGGGTTTCAGAAAGAGACT,chr9,137716781,137716841,0.0426,0.0426,66,61.42,0.1,0.6,0.6,45.31374359,0.569553673,0.276077181,0.6142,0.414274386,0.376887415,0.638,-0.2463,64.17391304,3.0,5,1,,,,,,0.3958330502112706,0.07668651682958155
EHMT1,TGGAAACACCGAAGAGTCGAGAGATCACCACACTGGCCAACAACCAGTGCATGGCTACAG,chr9,137762743,137762803,0.0155,0.0,57,70.03,0.25,0.57,0.64,68.27411652,0.708471656,0.583661795,0.7003,0.589568303,0.272766267,0.817,0.8965,78.0,45.5,51,40,,,,,,0.7538604736328125,0.1113480025379862
EHMT2,TTCCTGTCCTAGCCGGGCCAAGATGTCAATGACAGGGGCGGGAAAATCACCTCCATCTGT,chr6,138909506,138909566,0.108,0.0107,73,52.4,0.04,0.47,0.61,48.98163223,0.641130686,0.529196084,0.524,0.402808434,0.419645389,0.535,-0.396,46.25,55.0,59,64,42.0,,,,,0.6592106024424235,0.01784944019587721
EHMT2,AGCATTTCCGCATGAGTGATGATGTCCACTCACTGGGAAAGGTGACCTCAGGTCAGTCCC,chr6,138913103,138913163,0.0852,0.0107,69,50.64,0.09,0.46,0.61,39.23823166,0.585201383,0.504389822,0.5064,0.418258369,0.280612581,0.605,-0.3952,66.72413793,3.0,5,1,,,,,,0.6827915608882904,0.0569519675018211
EHMT2,AGAAGTGCAAGCACTCAGCCGAAGCCATTGCCCTGGAGCAGAGCCGTCTGGCCCGCCTGG,chr6,138925780,138925840,0.0697,0.032,47,48.19,0.09,0.54,0.56,61.25383759,0.727209628,0.517554045,-,0.407081172,0.042004169,0.557,0.449,69.53846154,42.0,53,31,,,,,,0.4231574138005574,0.03323761933342121
FHL2,GCCCCACAGGACTTGTCTTACAAGGACCGGCACTGGCATGAAGCCTGTTTCCACTGCTCG,chr2,136819787,136819847,0.0852,0.0746,88,57.42,0.19,0.6,0.61,41.55205536,0.658663392,0.517281592,0.5742,0.423246042,0.373862767,0.696,0.6783,86.92307692,0.0,0,0,,,,,,0.6690784196058909,0.1219768218760237
FHL2,GCAGGCGGTGCACACGAAGCACTCCTTGTGCCAGGGCTGCTCCCGGTAAGTGACCCCTCC,chr2,105363399,105363459,0.0697,0.139,54,63.63,0.54,0.67,0.62,53.64836121,0.630320787,0.483387262,0.6363,0.492783028,0.38355257,0.692,1.179,78.23076923,15.0,1,7,37.0,,,,,0.3863187332948049,0.2371327537934466
FHL2,AATCTCTCTTTGGCAAGAAGTACATCCTGCGGGAGGAGAGCCCCTACTGCGTGGTGTGCT,chr2,136807047,136807107,0.0465,0.0107,71,64.94,0.41,0.7,0.64,55.49549484,0.618432403,0.363369346,0.6494,0.557246841,0.504821446,0.661,0.3733,45.71428571,7.5,7,8,,,,,,0.6866388221581777,0.290705109634305
FHL2,TCTTGCATTCCTGGCACTTGGATGAGTACTCGTTGGAATAGCAGTCTGTACAGAGCAGCT,chr2,105373573,105373633,0.031,0.0746,80,57.8,0.66,0.56,0.6,56.53783798,0.636502326,0.438110799,0.578,0.574700607,0.438662506,0.66,0.8361,77.71428571,40.5,63,18,,,,,,0.726720949014028,0.46306027874514183
FHL2,GCTGCTCCCGGTAAGTGACCCCTCCCGTGGTGATGGGCTGCAGGGACGAGGGGGAGAGTT,chr2,105363434,105363494,0.0504,0.0586,41,37.53,0.03,0.48,0.6,43.887,0.63000226,0.392231852,0.37534,0.392271346,0.701127569,0.416,0.07968,65.14285714,0.0,0,0,,,,,,0.313162828485171,0.011267283476989074
FOXM1,AGCCCCCGTCGGCCACTGATTCTCAAAAGACGGAGGCTGCCCCTTCCTGTTCAAAATGCC,chr12,130400840,130400900,0.0155,0.0107,82,66.34,0.71,0.77,0.59,50.42488098,0.649279296,0.344472826,0.6634,0.582180461,0.387800275,0.632,-0.818,75.15789474,2.5,2,3,,,,,,0.61102827390035,0.4864780779544714
FOXM1,TGCACTATCAACAATAGCCTATCCAACATCCAGTGGCTTCGAAAGATGAGTTCTGATGGA,chr12,130403082,130403142,0.0232,0.032,74,64.48,0.72,0.71,0.6,65.04689789,0.712976992,0.497341245,0.6448,0.626762189,0.298585271,0.701,0.5812,72.11111111,64.5,70,59,,,,,,0.6059652070204417,0.7212075074215315
FOXM1,AGGAAATGCCACACTTAGCGAGACCCATCAAAGTGGAGAGCCCTCCCTTGGAAGAGTGGC,chr12,130415782,130415842,0.0232,0.0426,71,69.44,0.54,0.62,0.58,62.98059082,0.732562065,0.580412388,0.6944,0.486697783,0.454202954,0.631,0.2714,62.18181818,18.33333333,3,16,36.0,,,,,0.5630857745806376,0.3373586311823972
FOXM1,CGGCCTCAAACCCAAACCAGCTATGATGCCAAAAGGACAGAAGTGACCCTGGAGACCTTG,chr12,130401194,130401254,0.031,0.032,63,56.14,0.36,0.53,0.59,25.68618011,0.300552279,0.0,0.56144,0.33782589,0.300439405,0.572,-0.9439,75.62068966,59.0,69,49,,,,,,0.6212301254272461,0.3005540409504403
FOXO1,CGGCTCGAAGTCCGGGTCGATCTCCACCACCTGAGGCGCCTCGGCCATGGTGACCCCCGC,chr13,40666164,40666224,0.523,0.245,77,63.89,0.26,0.67,0.64,51.58193207,0.691169798,0.602622926,0.63892,0.699139203,0.502472301,0.53,-0.1327,68.89473684,3.5,3,4,,,,,,0.4778739561637242,0.11036668796644485
FOXO1,CAGACAGACTGGGTAAAGTAGAGGCCATCTTTGCGGCAGATGGCGGGTACACCATAGAAT,chr13,40560400,40560460,0.0542,0.0426,73,56.52,0.29,0.46,0.64,56.24486923,0.426648557,0.314888358,0.56524,0.354358657,0.369788721,0.636,0.3129,71.93617021,47.0,54,40,,,,,,0.6491758326689402,0.18262539345596962
FOXO1,CGCTGCCCAGGCCGGAGTTTAGCCAGTCCAACTCGGCCACCTCCAGCCCGGCGCCGTCGG,chr13,73698192,73698252,0.968,0.299,80,61.65,0.33,0.53,0.62,44.96625137,0.535589457,0.353164017,0.6165,0.526728949,0.515686057,0.564,0.3337,55.54054054,55.0,69,41,,,,,,0.7187509834766388,0.09964918623978204
FOXO1,CTGGAAAAAGTTCTTGGTGGATGCTCAATCCAGAGGGTGGCAAGAGCGGGAAATCTCCTA,chr13,73803529,73803589,0.062,0.0213,74,60.79,0.16,0.74,0.72,61.6992569,0.688467622,0.618549943,0.60791,0.559828288,0.506463648,0.666,0.498,72.11111111,56.0,57,55,,,,,,0.5318054407835007,0.06665317004483867
FOXO3,TCAGTAAGCAAGCCGTGCACGGTGGAACTGCCACGGCTGACTGATATGGCAGGCACCATG,chr6,108663901,108663961,0.0232,0.064,72,64.49,0.24,0.65,0.62,58.39906311,0.725800812,0.613817573,0.64494,0.38346368,0.361152836,0.589,0.2402,65.25,95.5,96,97,92.0,97.0,,,,0.7568983435630798,0.08951304931322328
FURIN,GGTTCCTGTTGCTGCTACCACCCATAGCAACCAGGGCCTCAGCTCCATGGGGGGGACAGG,chr15,11115401,11115461,0.147,0.0426,64,67.7,0.69,0.59,0.56,78.9111557,0.689660847,0.461969554,0.677,0.752346131,0.34358589,0.601,0.7629,67.84615385,84.75,86,85,83.0,85.0,,,,0.6243612964948019,0.4089571442423892
FURIN,GGAAGTGGCTGCGGTGGCCAACAACGGTGTCTGTGGTGTAGGTGTGGCCTACAACGCCCG,chr15,90877547,90877607,0.0697,0.0533,55,58.36,0.04,0.45,0.64,62.009552,0.667147458,0.578158855,0.5836,0.708962752,0.545866331,0.593,-0.5496,76.02040816,0.0,0,0,,,,,,0.3086709280808766,0.01653342665989672
FURIN,ACGGCACACGGTGTGCGGGGGAAGTGGCTGCGGTGGCCAACAACGGTGTCTGTGGTGTAG,chr15,90877528,90877588,0.0852,0.064,9,52.2,0.02,0.75,0.7,51.12179184,0.6920169,0.686415672,0.52204,0.499561286,0.709205507,0.536,-0.03309,74.66666667,21.0,21,21,,,,,,0.5422446032365164,0.0066942471608230185
GATA6,CTCCGGCGCGGCTCTGCAGGCTGTGCAGCACCGGGGTCTCGAAGGGTCCGGCGGGCCAGG,chr18,58201039,58201099,0.132,0.0213,21,68.53,0.72,0.65,0.67,78.95487976,0.693400323,0.655096054,0.68529,0.681147029,0.687446763,0.733,0.3077,63.3442623,36.0,36,39,,,,,,0.6686459481716156,0.47584661650794047
HDAC1,CTCATAGGACTCGTCATCAATCCCGTCTCGGAGCGGGTAGTTAACAGCATAATACTTGCC,chr1,216627277,216627337,0.0387,0.0107,57,64.98,0.72,0.61,0.58,55.67355728,0.621994734,0.293354511,0.64975,0.453457451,0.23273205,-,-,108.75,7.0,7,7,,,,,,0.5952460765838623,0.5249767785058105
HDAC2,GCAGTCTCATATGTCCAACATCGAGCAACATTACGGATTGTGTAGCCACCTCCTCCAAGC,chr6,113946036,113946096,0.0155,0.0,52,42.65,0.57,0.43,0.57,17.45630455,0.449414074,0.213012278,0.42646,0.176561142,0.240434107,0.677,0.2071,80.5,56.5,56,57,,,,,,0.7067451775074005,0.5891777181442328
HDAC8,GGGCGATGATGATCATCCGGACTCCATAGAATATGGGCTAGGTAAAGTCATTACCAGGCA,chrX,83472101,83472161,0.0465,0.0426,58,33.43,0.04,0.5,0.58,26.03575706,0.502718925,0.323017865,0.33426,0.292674215,0.115185978,0.483,-0.2923,55.54054054,10.5,13,8,,,,,,0.5037779907385508,0.024201254526144182
HIVEP3,TTGATCTGGGGCAGATGGCTTTCCACATCACCAGGGAGCTGAAGTGCAAACTGGGATTGC,chr1,41581012,41581072,0.116,0.0853,66,75.17,0.89,0.57,0.56,75.86734772,0.652139783,0.53167057,0.75165,0.708761598,0.347394357,0.558,1.046,88.86486486,84.0,84,77,,,,,,0.6819883386294047,0.6779367500705492
HNRNPH1,CAGACCTGGGGCTGGTAGAGGGTATAACAGCATTGGCAGAGGAGCTGGCTTTGAGAGGAT,chr5,1920032,1920092,0.236,0.0853,59,59.13,0.17,0.61,0.65,60.59341431,0.732807457,0.660725951,0.59126,0.526936414,0.672929822,0.628,0.1372,74.66666667,82.0,77,87,,,,,,0.7409482896327972,0.08246568290819226
HNRNPH1,TATGATCCACCACGAAAGCTTATGGCCATGCAGCGGCCAGGTCCTTATGACAGACCTGGG,chr5,1919982,1920042,0.201,0.0853,69,66.59,0.71,0.75,0.61,50.2191925,0.666787803,0.476034075,0.66589,0.581501897,0.238635382,0.697,0.2684,69.53846154,79.0,71,87,,,,,,0.6311851441860199,0.474572526970987
ID2,TATACAACATGAACGACTGCTACTCCAAGCTCAAGGAGCTGGTGCCCAGCATCCCCCAGA,chr2,8682271,8682331,1.75,1.14,69,64.32,0.09,0.47,0.58,55.23524857,0.586770236,0.332174718,0.6432,0.523362476,0.105402715,0.564,0.4927,94.25,73.5,58,89,,,,,,0.6096465090910593,0.04313373550067216
ID2,CCGTTAGGAAAAACAGCCTGTCGGACCACAGCCTGGGCATCTCCCGGAGCAAAACCCCTG,chr2,8682190,8682250,2.39,1.86,35,44.64,0.08,0.5,0.57,26.46450233,0.350216329,0.343356073,0.44637,0.171356311,0.239187667,0.511,-0.846,81.81818182,0.0,0,0,,,,,,0.6901984314123789,0.05587589204383274
KDM1A,CTTCTGGGTCTGTTGTGGTCCACTGATAATATCTGGAAAACAGGCTGCTTCTTGAGAAGT,chr1,225905929,225905989,0.0155,0.032,68,44.24,0.15,0.37,0.6,13.75697517,0.418918937,0.286266625,0.4424,0.363903192,0.34648888,0.624,0.5996,60.44444444,2.0,3,1,,,,,,0.5929620414972305,0.15443574657210524
KDM1A,CAGTTATTTAGAGCGTCATGGTCTTATCAACTTCGGCATCTATAAGAGGATAAAACCCCT,chr1,23055096,23055156,0.0232,0.0,69,58.36,0.2,0.51,0.64,41.66614532,0.433508635,0.391899705,0.5836,0.346746507,0.285325968,0.626,-0.1208,81.42857143,52.42857143,50,46,70.0,52.0,46.0,56.0,47.0,0.6349594990412394,0.1618845856340103
KDM1A,CCCCCATGGAAACTGGAATAGCAGAGACTCCGGAGGGGCGTCGGACCAGCCGGCGCAAGC,chr1,23019879,23019939,0.345,0.203,55,68.25,0.2,0.75,0.63,59.09334564,0.745242417,0.696015,0.6825,0.536192252,0.378920736,0.617,0.3868,78.66666667,47.5,48,47,,,,,,0.6618712147076925,0.08641604908712908
KDM1A,CAGATATTATCAGTGGACCACAACAGACCCAGAAGGTTTTTCTTTTCATTAGAAACCGCA,chr1,23050458,23050518,0.031,0.0107,65,70.55,0.36,0.59,0.62,63.79859924,0.701084375,0.514327466,0.7055,0.483659854,0.34995847,0.76,1.147,69.52173913,42.0,43,41,,,,,,0.6875230669975281,0.2446680199904892
KDM1A,CAGAACTGTGGTTGGATACTACAACTCACCCGATGGTTCTTCAGGCTCACTTTCATTTTC,chr1,225925759,225925819,0.0387,0.032,82,65.03,0.45,0.63,0.59,-,0.682418287,0.443405658,-,0.580812294,0.514332032,-,0.6249,67.16666667,69.33333333,58,58,81.0,74.0,82.0,63.0,,0.6498621900876363,0.35403237561138406
KDM1A,TGGTAGGTGGTGTTGTGTTTTGATCGGGTGTTCTGGGATCCAAGTGTCAATTTGTTCGGG,chr1,23079546,23079606,0.00775,0.0,45,27.05,0.02,0.3,0.57,6.544812202,0.334152639,0.199897766,0.27049,0.123333835,0.035409242,0.498,-,65.14285714,11.0,22,0,,,,,,0.2899816781282425,0.010996114469600277
KEAP1,AGGCCAGCACCACCTTGTGGGCCATGAACTGGGCGGCCGGTGCATCCTGGTACTTGACCT,chr19,10499729,10499789,0.0968,0.0533,36,73.34,0.62,0.71,0.69,75.84599304,0.687431693,0.550440967,0.73344,0.584974797,0.430126047,0.66,0.404,62.0,93.5,92,95,,,,,,0.8846546510855356,0.2645915992239888
KEAP1,ACGTCACACTGCAGGTCAAGTACCAGGATGCACCGGCCGCCCAGTTCATGGCCCACAAGG,chr19,48117815,48117875,0.132,0.0533,98,60.1,0.7,0.65,0.6,70.81892395,0.725286663,0.534622669,0.60103,0.511450582,0.2810611,0.558,0.9911,73.28571429,89.5,87,92,,,,,,0.7635474900404612,0.38278359416530033
KEAP1,CGTGGAGGACACACTTCTCGCCCATGGAGATGGAGGCCGTGTAGGCGAATTCAATGAGGC,chr19,10499570,10499630,0.0697,0.0426,41,63.16,0.23,0.65,0.61,67.73753357,0.646645188,0.403352648,0.63159,0.545584051,0.356881098,0.562,0.2205,72.0,15.5,16,15,,,,,,0.6660525103410085,0.0864179596554876
KEAP1,ACCTCTCCACACTGTTGTGGTGGATGCAGCCGTGGGAGCCGCCGACGGCATAGATGTGGC,chr19,10491574,10491634,0.0387,0.064,40,61.49,0.46,0.68,0.7,66.81367493,0.704215825,0.659652889,0.6149,0.589375151,0.609164209,0.604,0.8145,65.25,15.5,15,16,,,,,,0.6980651617050171,0.2684425617934996
KEAP1,ATGCACCGGCCGCCCAGTTCATGGCCCACAAGGTGGTGCTGGCCTCATCCAGCCCTGTCT,chr19,48117842,48117902,0.093,0.0533,69,-,-,-,-,66.14311981,0.684833288,0.591030896,0.63328,0.454986274,0.594811136,0.689,1.013,69.82608696,67.0,65,69,,,,,,0.6760887702306112,0.16860459372850722
KEAP1,TCCAGCCCTGTCTTCAAGGCCATGTTCACCAACGGGCTGCGGGAGCAGGGCATGGAGGTG,chr19,48117889,48117949,0.0775,0.0533,95,47.18,0.67,0.61,0.63,39.68556976,0.530802488,0.38207522,0.47179,0.447593568,0.449667595,0.6,0.3714,62.27586207,87.0,85,89,,,,,,0.6268856376409531,0.46624427709499844
KEAP1,CATTGGGGCCACCAAGTGCCACTCATCCCGCTCTGGCTCATACCTGCAAGGGCGTAAGAA,chr19,10489810,10489870,0.0426,0.032,56,47.27,0.06,0.53,0.6,50.04609299,0.59250021,0.440416843,0.4727,0.484334188,0.292955116,0.517,0.7658,81.42857143,23.5,22,25,,,,,,0.4563850909471512,0.024233749529595436
KEAP1,GCAGGTATGAGCCAGAGCGGGATGAGTGGCACTTGGTGGCCCCAATGCTGACACGAAGGA,chr19,48127759,48127819,0.0387,0.032,64,51.93,0.08,0.52,0.65,68.33255005,0.574351788,0.479012221,0.51931,0.616184214,0.65398451,0.724,0.7672,64.17391304,33.5,34,33,,,,,,0.5100713024536768,0.0299475382051336
KEAP1,AGTGTTACGACCCAGATACAGACACCTGGAGCGAGGTGACCCGAATGACATCGGGCCGGA,chr19,48130834,48130894,0.124,0.0,37,64.54,0.62,0.62,0.59,71.31246185,0.619256556,0.475213438,0.64537,0.767241498,0.472982327,0.683,0.5132,64.22222222,65.5,65,66,,,,,,0.3416771541039149,0.4016545456546422
KEAP1,GCCACGCCCACCCCACTCCGGCCCGATGTCATTCGGGTCACCTCGCTCCAGGTGTCTGTA,chr19,10486706,10486766,0.108,0.0,40,26.46,0.13,0.38,0.6,8.562358856,0.198487163,0.072127402,0.26463,0.103846823,0.217748254,0.431,-0.2902,69.14285714,28.5,25,32,,,,,,0.480417122443517,0.03671213952681499
KLF2,CCCATGGACAGGATGAAGTCCAGCACGCTGTTGAGGTCGTCGTCGGTGCCGCCGGACTCG,chr19,42292321,42292381,1.63,0.16,60,54.68,0.09,0.47,0.64,55.35983658,0.60530436,0.437263906,0.54685,0.535754634,0.318301599,0.477,-0.5174,78.23076923,0.5,1,0,,,,,,0.3768931676944096,0.04026221888119487
KLF2,GGGTCGCAGCAGCTCAGACACCAGGCCACCCGCGGGGGCGCTGTAGGGCGGGGGCGCGCC,chr19,42292182,42292242,1.46,0.224,54,56.63,0.28,0.69,0.6,62.42978668,0.675237954,0.49310565,0.56635,0.492706262,0.395799696,0.63,0.7852,72.0,47.5,52,43,,,,,,0.6675904591878256,0.10535020924650466
KLF2,CCCGGGCGCGCCGAAACCAGGGCCACCGAAAGGCGGCGGGAAGGAGGCGCGCGGACCGGG,chr19,42291858,42291918,0.79,0.139,51,52.59,0.19,0.75,0.67,65.68676758,0.619903147,0.402504742,0.52593,0.520831838,0.489966106,0.625,0.592,72.33333333,0.0,0,0,,,,,,0.5633949339389801,0.05858115439296181
KLF2,CGGCACGGGCTGGCGAAAGTGGAGAAGGACGGCAGGATGGGTTCACTCAGCGCCATGGCC,chr19,42292637,42292697,3.4,0.341,52,55.05,0.11,0.58,0.59,48.21377182,0.589612842,0.404207528,0.55046,0.365072171,0.465678095,0.626,-0.3323,53.30769231,0.0,0,0,,,,,,0.4995102882385254,0.044056732048649995
KLF2,CCTCAACAGCGTGCTGGACTTCATCCTGTCCATGGGGCTGGATGGCCTGGGCGCCGAGGC,chr19,16325259,16325319,1.71,0.16,71,37.48,0.09,0.52,0.63,46.95573044,0.424253821,0.465689838,0.37475,0.390805048,0.444958186,0.427,-0.3749,69.0,64.5,72,57,,,,,,0.37624391913414,0.026755951937903727
KLF2,GCCTCGGCGCCCAGGCCATCCAGCCCCATGGACAGGATGAAGTCCAGCACGCTGTTGAGG,chr19,42292297,42292357,1.85,0.16,51,42.01,0.07,0.53,0.61,46.93387222,0.56196475,0.538603663,0.42006,0.349241278,0.556929573,0.437,-0.4409,59.0,0.5,1,0,,,,,,0.378276785214742,0.034255021991155925
MAF,GCTGAAGCAGAAGAGGCGGACCCTGAAAAACCGCGGCTATGCCCAGTCCTGCCGCTTCAA,chr16,10739306,10739366,0.364,0.885,34,71.53,0.9,0.73,0.6,76.39225769,0.719867706,0.565410078,0.71526,0.728738129,0.323605498,0.71,0.2984,64.0,89.0,87,91,,,,,,0.7877311607201894,0.7698285284339225
MSC,AGCGCAGCTACGCCTCGCCCAGTGACAACTCGTCGGCAGAGGAGGAGGACCCCGACGGCG,chr8,73294561,73294621,0.407,1.63,54,66.94,0.44,0.59,0.64,43.66518402,0.592253923,0.430354208,0.6694,0.542419981,0.504488876,0.633,0.3537,92.19047619,70.0,74,66,,,,,,0.7330398460229238,0.17450074210489128
MSC,CTGCAGCGGGAGTACCCGGTCCCCGCCTCCAAGAGGCCGCCCCTCCGCGGCGTAGAGCGC,chr8,73294506,73294566,0.248,0.922,33,61.72,0.55,0.63,0.57,58.86458588,0.638376355,0.601664186,0.61715,0.497702505,0.429320294,0.561,-0.1041,76.26315789,66.0,64,68,,,,,,0.6221558849016825,0.3449870830679622
MTA2,ATACCTTGCAAAGGAACGGCTACGACCTGGCTAAGGCCATGTCGACCCTGGTACCCCAGG,chr11,72489810,72489870,0.0852,0.032,55,56.13,0.15,0.6,0.56,57.73955917,0.6485039,0.489649117,0.5613,0.459520239,0.334917064,0.586,0.56,69.0,11.0,9,13,,,,,,0.4643695751825968,0.09546159619587426
MTA2,TCCCCATAGTTTCACGCCATGGATACCTTGCAAAGGAACGGCTACGACCTGGCTAAGGCC,chr11,72489788,72489848,0.062,0.0107,81,67.01,0.11,0.58,0.63,59.69487762,0.6609658,0.539854109,0.6701,0.34489189,0.304580262,0.686,0.6626,54.0,3.0,1,5,,,,,,0.6184325764576594,0.07863204498181417
MTA2,CCTGGCTAAGGCCATGTCGACCCTGGTACCCCAGGGAGGCCCGGTGCTGTGTCGGGATGA,chr11,72489835,72489895,0.0658,0.0533,68,63.53,0.7,0.61,0.65,73.68746948,0.745144725,0.582674146,0.6353,0.748292523,0.602236281,0.658,1.319,89.37037037,74.75,69,71,74.0,85.0,,,,0.7442536850770315,0.34549702010038397
MTA2,AGGGTGAATCTTCAATGGAGTCTTGGCGGCCTTAGGAAGTCGAATGGAGCCTGGAGAACA,chr11,62595020,62595080,0.0697,0.0426,27,39.36,0.15,0.42,0.67,33.02804184,0.455552876,0.507353246,0.39363,0.252430342,0.577246648,0.488,-0.1699,61.94117647,0.0,0,0,,,,,,0.4222269505262375,0.09494728480834413
PCBP4,TTCCACCATTTGCAGGAGCAGCACAAAGGTCCTGGGACAGGGAGACGGTGGGTTGGCCAT,chr3,51960289,51960349,0.062,0.032,71,58.89,0.14,0.49,0.61,-,0.530492544,0.539896607,-,0.637435493,0.516597185,-,0.3181,50.28571429,33.0,37,29,,,,,,0.3469717303911845,0.05468262346905238
PCBP4,GCCTTCCCAATCAGTGAGCCACACTGACTGGCAGGGATGACAAGGCGCAGGGTCACTGGA,chr3,51960216,51960276,0.0542,0.0426,67,67.75,0.28,0.58,0.7,54.63864899,0.644221127,0.590399921,0.67746,0.660162289,0.55980704,0.651,1.076,69.53846154,0.5,0,1,,,,,,0.3917037546634674,0.1441403703217694
PRDM1,TTGCTTTTCTCTTCATTAAAGCCGTCAATGAAGTGGTGAAGCTCCCCTCTGGAATAGATC,chr6,64706621,64706681,0.271,0.096,70,57.7,0.28,0.63,0.57,26.54754257,0.551694989,0.0,0.577,0.346910481,0.198177716,0.681,-0.08144,73.28571429,52.0,39,65,,,,,,0.5106772482395172,0.3168054742847884
PRDM1,AGTCCCGACAATACCACACAAGAAGTTCCTGGTTGGCAGGGATGGGCTTAATGGTGTAGA,chr6,64706481,64706541,0.201,0.032,74,-,-,-,-,61.73006058,0.622353494,0.40054822,0.6499,0.54640471,0.372783884,0.768,0.6052,55.54054054,84.42857143,81,78,86.0,88.0,88.0,85.0,85.0,0.4796881427367528,0.16639379452299688
PRDM1,TCAGAAAAGGACCTCGATGACTTTAGAAGACGTGGGAGCCCCGAAATGCCCTTCTACCCT,chr6,106104985,106105045,0.108,0.0213,56,72.51,0.52,0.62,0.63,64.34375763,0.648828447,0.396346807,0.7251,0.610546888,0.422842474,-,0.1319,76.66666667,5.0,10,0,,,,,,0.6344875196615855,0.3781058896294052
PRDM1,GGCAGAGGGGCCCGGATGGGGTAAACGACCCGAGGGTAGAAGGGCATTTCGGGGCTCCCA,chr6,64700902,64700962,0.0697,0.0533,45,67.61,0.92,0.73,0.66,66.19594574,0.722445667,0.690230429,0.6761,0.613561359,0.822552084,0.792,0.9989,72.33333333,52.5,58,47,,,,,,0.7398534715175629,0.7740348701885701
PRDM1,AAGCCTCAAGAGCTCCAGCCCTCACAGCAGCCCTGGGAATACGGTGTCCCCTGTGGGCCC,chr6,106105194,106105254,0.101,0.096,32,35.85,0.03,0.46,0.55,54.01496124,0.605709434,0.3651658,0.35853,0.382357705,0.185470709,0.32,0.1271,69.53846154,57.5,51,64,,,,,,0.425762598713239,0.010937088853776976
PRDM2,GCGCCGGGCGAGGAGCTCCTGGTCTGGTACAATGGGGAAGACAACCCTGAGATAGCAGCT,chr1,13749366,13749426,6.32,4.05,60,35.96,0.02,0.38,0.58,30.26724815,0.505269766,0.499654353,0.3596,0.244527703,0.481042479,0.485,0.4258,63.38095238,1.0,1,1,,,,,,0.4461982150872548,0.006230263804310941
PRDM2,ATCAGTGGCATCAATGCACATCCATCCCAAATTTGGGTAATACACCTTGAAAATGGAGAA,chr1,235214373,235214433,0.0155,0.0,62,28.45,0.05,0.38,0.6,17.44889832,0.267175078,0.033946931,0.2845,0.120968239,0.265050912,0.571,0.2437,63.38095238,1.0,1,1,,,,,,0.344331403573354,0.06813366369605685
PRDM2,CCATGGGGTCAGAGTCTGTTTCGGCCTTAATTTTGGGCAGTGCAGGTGGGCTCGCAGTTC,chr1,235176649,235176709,0.0775,0.0,41,15.7,0.05,0.32,0.51,8.696958542,0.342454016,0.268108606,0.15695,0.074803644,0.195192096,0.306,-0.8517,65.55555556,3.5,3,4,,,,,,0.5066929310560226,0.035913179437662354
PTEN,GTGGAAGAACTCTACTTTGATATCACCACACACAGGTAACGGCTGAGGGAACTCAAAATA,chr9,33675874,33675934,0.0542,0.0426,57,68.14,0.74,0.63,0.6,66.476,0.610780597,0.147757113,0.68141,0.526494543,0.593327442,0.807,1.2,72.69230769,87.5,87,88,,,,,,0.7038742502530416,0.82119927136608
PTEN,GTACTTTGAGTTCCCTCAGCCGTTACCTGTGTGTGGTGATATCAAAGTAGAGTTCTTCCA,chr10,87957934,87957994,0.116,0.0426,11,63.69,0.19,0.37,0.61,66.473,0.655383766,0.575891435,0.63691,0.556605105,0.237742039,0.645,0.2297,47.02702703,36.0,35,37,,,,,,0.2869154264529546,0.13608128070887554
PTEN,AAGATATATTCCTCCAATTCAGGACCCACACGACGGGAAGACAAGTTCATGTACTTTGAG,chr10,87957884,87957944,0.101,0.032,89,70.14,0.69,0.67,0.61,63.789,0.670966625,0.483175665,0.70143,0.439529048,0.434082052,0.696,0.2091,73.0,85.0,81,89,,,,,,0.7819880644480387,0.533241496529399
PTEN,GAACTCTACTTTGATATCACCACACACAGGTAACGGCTGAGGGAACTCAAAATACATGAA,chr9,33675880,33675940,0.0697,0.0426,42,60.46,0.78,0.6,0.64,39.13139343,0.610111713,0.295409948,0.60461,0.406534084,0.346484809,0.654,0.8277,101.5,92.5,91,94,,,,,,0.6298221548398336,0.7925562775277659
PTEN,TCACAAAAACAGTAGAGGAGCCGTCAAATCCAGAGGCTAGCAGTTCAACTTCTGTAACAC,chr10,87965299,87965359,0.0465,0.032,78,64.39,0.68,0.74,0.64,61.05271149,0.713442266,0.629612029,0.64388,0.609127282,0.509884325,0.597,-0.05926,56.36842105,86.0,84,88,,,,,,0.4422136743863423,0.48237269586895115
PTEN,TGTATGCTGATCTTCATCAAAAGGTTCATTCTCTGGATCAGAGTCAGTGGTGTCAGAATA,chr9,33675457,33675517,0.0232,0.0,64,35.14,0.05,0.38,0.53,16.36248398,0.373636693,0.125742018,0.35142,0.355553652,0.052589029,0.425,-1.652,72.5,61.5,60,63,,,,,,0.54552161693573,0.10492201017606421
PTEN,ATCTGGTGTTACAGAAGTTGAACTGCTAGCCTCTGGATTTGACGGCTCCTCTACTGTTTT,chr9,33675547,33675607,0.0465,0.0426,63,47.95,0.07,0.46,0.59,56.45985413,0.628591955,0.450556397,0.47953,0.5670739,0.106565013,0.579,0.1228,73.28571429,0.0,0,0,,,,,,0.6766095260779063,0.04396016237969134
PTEN,CAAGATGATGTTTGAAACTATTCCAATGTTCAGTGGCGGAACTTGCAGTAAGTGCTTGAA,chr10,87952212,87952272,0.0155,0.0,68,63.4,0.2,0.61,0.58,48.50141144,0.58554846,0.150813401,0.63405,0.387448555,0.189239233,0.691,0.05572,61.875,82.5,79,86,,,,,,0.3520830571651459,0.2230237665639926
PTEN,GATGATGTTTGAAACTATTCCAATGTTCAGTGGCGGAACTTGCAGTAAGTGCTTGAAATT,chr10,87952215,87952275,0.0155,0.0,79,68.66,0.47,0.65,0.66,61.83100128,0.603151321,0.283292741,0.68662,0.616440022,0.2934233,0.69,0.7596,65.25,70.0,64,76,,,,,,0.6621979773044586,0.4485107886392045
PTEN,TCTAGGTGAAGCTGTACTTCACAAAAACAGTAGAGGAGCCGTCAAATCCAGAGGCTAGCA,chr10,87965281,87965341,0.0232,0.0107,36,64.87,0.59,0.67,0.57,45.42180252,0.638358295,0.34043926,0.64868,0.652465879,0.400363648,0.654,0.0494,86.92307692,80.0,76,84,,,,,,0.74346195658048,0.612163323209278
RAD54L,CATGGCTTGTTCATCATTGGCTGGGTTCCAGTCAGGGTCAAACATGACCAGCCGGTTAGC,chr1,202681762,202681822,0.132,0.0746,30,31.88,0.08,0.46,0.68,44.31790543,0.29055053,0.292068273,0.31878,0.214394663,0.533042189,0.533,0.4417,54.73469388,0.5,1,0,,,,,,0.4190252721309662,0.03783176071142382
RAG1,TTCCTGCTGGCTCTGAGGGCGAGGAATGAGCACAGGCAAGCTGATGAGCTGGAGGCCATC,chr11,36574615,36574675,0.0775,0.0426,42,56.01,0.49,0.72,0.66,70.28669739,0.709945321,0.619027734,0.5601,0.561112743,0.622673238,0.672,1.265,86.92307692,65.0,65,67,,,,,,0.739044706026713,0.2575442237922291
RARG,GACAAGCTGCAGGAGCCACTGCTGGAAGCCCTGAGGCTGTACGCCCGGCGCCGGCGGCCC,chr12,80062098,80062158,0.124,0.032,63,62.71,0.47,0.55,0.6,65.90324402,0.709337711,0.624128461,0.62709,0.67602277,0.519054558,0.699,0.4111,81.14285714,67.0,67,69,,,,,,0.5016522457202276,0.21884273779886443
RBM47,TAGCCGCGGTTCTTGCCGTCAAAGTCCATCATGAGGCGCAGCTCGTAGATGCGGCCCACG,chr4,40438555,40438615,0.0852,0.0426,63,66.35,0.16,0.63,0.59,48.25669861,0.690292418,0.579872727,0.66354,0.62452499,0.408599609,0.694,0.4247,60.0,0.0,0,0,,,,,,0.6320557196935018,0.08790589201490111
RBM47,GCTACGCCTTCGTCATGTACTGCCACAAGCACGAGGCCAAGCGCGCAGTGCGTGAGCTCA,chr4,149775996,149776056,0.0775,0.0533,83,70.13,0.76,0.71,0.61,69.86534882,0.673346817,0.392869234,0.70133,0.703074801,0.165804774,0.691,0.2061,91.0,0.0,0,0,,,,,,0.7233084340890249,0.5381129272100744
RCOR1,GCGGTGGCATGAGGGTCGGACCCCAGTACCAGGCGGTGGTGCCCGACTTCGACCCCGGTG,chr14,102593268,102593328,1.18,0.522,61,73.2,0.79,0.73,0.64,71.41119385,0.71289593,0.587112248,0.732,0.676165129,0.496807862,0.742,0.5937,74.05405405,85.2,92,74,89.0,79.0,92.0,,,0.6528164893388748,0.5615436016437576
RCOR1,ACTGGCAAGACGCAGTCAAGAACGGGACAATCTTGGCATGTTGGTCTGGTCACCCAATCA,chr14,102681898,102681958,0.0232,0.0213,93,51.92,0.02,0.48,0.57,39.0488739,0.416627377,0.221758723,0.5192,0.525217939,0.059291344,0.718,0.3926,87.0,43.5,37,50,,,,,,0.6824934383233389,0.012676436306627395
RCOR1,CTACCACGGTGCTGAGACAACTAGACATGGAATTGGTTTCAGTCAAACGACAGGTACTCA,chr14,102714564,102714624,0.0232,0.0,63,47.79,0.21,0.49,0.59,41.08979416,0.641353846,0.416684568,0.47795,0.317033085,0.341769971,0.569,0.09479,61.33333333,70.0,66,74,,,,,,0.4010723481575648,0.23837897141669664
RUNX1,AACGTACCTCTTCCACTTCGACCGACAAACCTGAGGTCATTAAATCTTGCAACCTGGTTC,chr21,34880549,34880609,0.031,0.0,69,63.96,0.22,0.64,0.61,66.84436035,0.693988919,0.498552382,0.63964,0.655968415,0.562255286,0.751,0.1692,68.82352941,46.0,46,46,,,,,,0.7128153840700785,0.11951301909110124
RUNX1,CAGTGACCAGAGTGCCATCTGGAACATCCCCTAGGGCCACCACCTAAACACCAGTCAAAG,chr21,34880670,34880730,0.0387,0.0213,65,65.13,0.23,0.54,0.65,53.45064926,0.625173211,0.57944721,0.65129,0.511183796,0.465120524,0.708,1.161,83.18181818,74.0,84,64,,,,,,0.624161476890246,0.08507996648361316
RUNX2,CTTGGGGAGGATTTGTGAAGACGGTTATGGTCAAGGTGAAACTCTTGCCTGCAGATATAA,chr6,125367985,125368045,0.0775,0.0107,76,51.74,0.07,0.54,0.58,47.96776962,0.657211244,0.464299083,0.51743,0.411742286,0.237879988,-,0.2038,61.33333333,18.5,37,0,,,,,,0.4295299599568049,0.06007289290574501
RUNX2,TGGGTTCTGAGGCGGGACACCTACTCTCATACTGGGATGAGGAATGCGCCCTAAATCACT,chr6,125313926,125313986,0.0232,0.0213,77,56.39,0.21,0.44,0.64,62.44670868,0.611769497,0.486205041,0.56388,0.685276653,0.531769061,0.628,0.8203,51.83783784,53.5,54,53,,,,,,0.5792394280433655,0.07798379576425446
RUNX3,GGTCGTTGAACCTGGCCACCTGGTTCTTCATGACGGCCGAGGCATTGCGCAGCTCAGCGG,chr1,24927600,24927660,0.17,0.064,70,60.72,0.53,0.52,0.58,61.34983444,0.64466387,0.52241236,0.6072,0.42689214,0.432677026,0.669,0.5193,70.15384615,80.4,75,88,78.0,73.0,88.0,,,0.5857200672229131,0.22778280602814002
RUNX3,TGGGCGAGAACAGCGGCGCGCTGAGCGCGCAGGCGGCCGTGGGGCCCGGAGGGCGCGCCC,chr1,224026639,224026699,1.41,0.682,16,36.27,0.24,0.65,0.71,42.22360229,0.413348317,0.486589909,0.36273,0.350373274,0.534150122,0.44,-0.8674,64.17391304,0.0,0,0,,,,,,0.6169465631246567,0.0763159518499973
SELL,ATCATCAATAATTACACCTGCAACTGTGATGTGGGGTACTATGGGCCCCAGTGTCAGTTT,chr1,79249020,79249080,0.0775,0.0,63,72.61,0.41,0.51,0.63,74.00666046,0.670458734,0.584280193,0.7261,0.640269261,0.39702157,0.687,1.046,48.19047619,92.0,86,93,98.0,93.0,99.0,85.0,90.0,0.3955293049414952,0.28931953247250264
SELL,TGGGTTTTTCAGAATAATGGTAAGTCCAGCAGTCGGTTCCATGATGTGCCAGGAAATCTG,chr1,169708746,169708806,0.287,0.107,62,73.28,0.76,0.64,0.63,62.0087738,0.648294926,0.270795882,0.73279,0.518258526,0.322791538,0.753,1.131,62.63157895,56.5,49,64,,,,,,0.6419488290945689,0.785311076142624
SELL,TAGGAATCCGGAAGATAGGAGGAATATGGACGTGGGTGGGAACCAACAAATCTCTTACTG,chr1,79247799,79247859,0.225,0.139,50,62.19,0.07,0.66,0.67,60.55882263,0.68880856,0.615982533,0.62195,0.665610126,0.552926177,0.772,0.8389,72.5,24.5,17,32,,,,,,0.3320237745841344,0.03641524479267848
SELL,ACCCAGAGGGACTTATGGAACATCTTCAAGTTGTGGGGGTGGACAATGCTCTGTTGTGGT,chr1,79245929,79245989,0.0697,0.0213,76,52.31,0.08,0.56,0.57,39.62322617,0.582246721,0.157380164,0.52309,0.416447301,0.376739613,0.5,-0.4517,84.0,0.0,0,0,,,,,,0.3321813543637593,0.10322976490467879
SETDB1,AAATTTGACAACAAAGGAAAGAGTCTACTGTCGGGGAACCATATTGCCTATGATTACCAC,chr1,150942874,150942934,0.124,0.0,88,65.87,0.2,0.57,0.65,66.42845154,0.70052135,0.611866593,0.6587,0.50625316,0.12668719,0.673,0.8648,73.28571429,81.0,79,83,,,,,,0.4434585273265838,0.13730403954287712
SETDB1,TGATTACCACCCTCCTGCTGACAAGCTGTATGTGGGCAGTCGGGTGGTCGCCAAATACAA,chr1,150942924,150942984,0.101,0.0,75,53.07,0.42,0.58,0.62,68.96929932,0.587574005,0.424651176,0.5307,0.680585403,0.499522456,0.752,0.9955,89.47058824,66.5,68,65,,,,,,0.6603571971257528,0.1612821000926604
SETDB1,AAAGCATGTCTTCCCTTCCTGGGTGCATTGGTTTGGATGCAGCAACAGCTACAGTGGAGT,chr1,150927709,150927769,0.0542,0.0,47,30.08,0.02,0.31,0.61,34.65921021,0.427966267,0.269046485,0.30079,0.095887089,0.328955017,0.469,-0.7159,55.05882353,23.5,22,25,,,,,,0.350091482202212,0.009772354227006712
SOCS1,GCCCCTTCTGTAGGATGGTAGCACACAACCAGGTGGCAGCCGACAATGCAGTCTCCACAG,chr16,79082853,79082913,1.63,0.672,82,74.78,0.86,0.77,0.66,68.105,0.702710807,0.543035924,0.7478,0.653887776,0.517480584,0.709,0.4114,62.94594595,71.0,72,70,,,,,,0.7754108409086863,0.6993033739838072
SOCS1,CCCCCGCGCGCCCGCGGCCGTGCCCCGCGGTCCCGGCCCCGGCCCCCGGCGACACGCACT,chr16,79082970,79083030,2.04,0.48,0,27.85,0.01,0.49,0.66,20.931,0.33551684,0.499800235,0.27847,0.258524245,0.510098954,0.385,-0.8331,69.53846154,0.0,0,0,,,,,,0.5125242521365484,0.002608267542151956
SOCS3,CCTTCCCCTCGCCACCTACTGAACCCTCCTCCGAGGTGCCCGAGCAGCCGTCTGCCCAGC,chr17,4898749,4898809,0.244,0.0746,59,65.07,0.46,0.58,0.61,69.05394745,0.651675642,0.610043406,0.6507,0.725568299,0.442726161,0.568,0.4346,57.0,29.0,44,14,,,,,,0.6007036368052164,0.20226255764159656
SOCS3,TCCCCCCAGAAGAGCCTATTACATCTACTCCGGGGGCGAGAAGATCCCCCTGGTGTTGAG,chr17,4898822,4898882,0.294,0.0107,50,67.36,0.42,0.69,0.64,61.72593689,0.684534371,0.586625516,0.6736,0.570348591,0.385946141,0.584,0.5085,65.55555556,70.5,73,68,,,,,,0.4960225174824397,0.2126243800985053
SOCS3,GAGCTGAAGGTCTTGAGGCGCAGGCTGGTGTCCAGGGGGCGGCTCATCCCGGCGGCGGGA,chr17,78359015,78359075,0.438,0.203,23,34.48,0.01,0.47,0.62,34.68333435,0.559403181,0.483274132,0.34485,0.319261711,0.349233231,0.41,0.08768,65.14285714,0.0,0,0,,,,,,0.3023810436328252,0.00184919875219589
STAT3,AAATGACATGTTGTTCAGCTGCTGCTTTGTGTATGGTTCCACGGACTGGATCTGGGTCTT,chr17,42322432,42322492,0.201,0.0107,20,39.48,0.1,0.3,0.62,35.56481552,0.432701945,0.346717656,0.39476,0.302478199,0.279047719,0.505,-1.194,63.98630137,1.0,1,1,,,,,,0.3150990704695384,0.0743624392073638
STAT4,GTATTAACAAGTTTTGAAGAAGAATCGTTGCCATGGTTTCATTGTTAGAAGCTGCCTCCC,chr2,191146698,191146758,0.0465,0.0,53,57.3,0.06,0.56,0.58,39.88292313,0.601293921,0.105014086,0.573,0.280772275,0.087009844,0.567,0.4158,69.0,67.0,67,67,,,,,,0.4390896062056224,0.08321046195042092
STAT4,TATGTCATGGGCTTTGTTAGCAAAGAGAAGGAACGGCTGTTGCTAAAGGATAAAATGCCT,chr2,51159904,51159964,0.031,0.0213,69,56.91,0.45,0.63,0.66,50.54210663,0.627678454,0.266227961,0.56905,0.403764378,0.400599051,0.607,0.5669,79.75,73.0,70,76,,,,,,0.7323115964730581,0.3912440963019398
SUV39H1,CCTCACCAACACGGTACTCATTGATGTACACGAAGGCCCGCGGAGGGCCGTCCAGGTCCA,chrX,107340459,107340519,0.0232,0.0426,69,76.18,0.76,0.72,0.59,75.62367249,0.775401354,0.510276675,0.7618,0.591014093,0.424505168,0.764,1.196,70.91666667,1.0,1,1,,,,,,0.7015175620714823,0.6304779060364464
SUV39H1,GCCACCTGGTTGAGGGTGATGCCCTCACCAACACGGTACTCATTGATGTACACGAAGGCC,chrX,107340437,107340497,0.0387,0.0426,65,70.46,0.5,0.47,0.66,58.57168198,0.556439579,0.527611732,0.7046,0.630016265,0.671493168,0.692,0.7532,68.80851064,66.0,75,57,,,,,,0.7002575000127157,0.3292206346909267
SUV39H1,CCCCAACAGGAACAGGAATATTACCTGGTGAAATGGCGTGGATATCCAGACTCAGAGAGC,chrX,48700081,48700141,0.031,0.0107,76,38.86,0.01,0.52,0.59,18.1436882,0.474615753,0.256627947,0.38859,0.246923335,0.259176966,0.55,0.2073,79.75,28.5,26,31,,,,,,0.3624231020609538,0.01424075846903481
SUV39H2,GTTATCAATGAAAACATTGAACACCTGAAGATTTGGGTCACACTAAAAAGGAACATTAGA,chr10,118896248,118896308,0.0465,0.0213,80,29.33,0.01,0.44,0.56,21.44550896,0.340890706,0.060252368,0.29331,0.110193649,0.074688197,0.464,0.1077,78.23076923,28.0,25,31,,,,,,0.3719064146280288,0.009192818995204643
TBX21,TCCACCAAGACCACGTCCACAAACATCCTGTAGTGGCTGGTGGGCTCCAGCCCGGCCACA,chr17,35514745,35514805,0.232,0.096,71,60.9,0.3,0.64,0.61,46.94008255,0.639717937,0.398719251,0.609,0.565967598,0.280138126,0.65,0.5513,69.0,0.0,0,0,,,,,,0.563227598865827,0.1777760618561
TBX21,CCAGCCCCGGCTGCATATCGTTGAGGTGAACGACGGAGAGCCAGAGGCAGCCTGCAACGC,chr17,47744223,47744283,0.0775,0.0,59,75.01,0.82,0.69,0.63,75.10811615,0.662765801,0.51355195,0.7501,0.597976595,0.474800621,0.747,0.8447,78.0,82.0,81,83,,,,,,0.6820634404818217,0.6729277688729263
TCF7,TGACCAGGTACACCAGAACCTAGCATCAAGGATGGGTGGGTGAACCTGGAGGCAGGAAGA,chr5,47396030,47396090,0.147,0.0107,86,60.38,0.22,0.59,0.64,48.0764389,0.646160841,0.535485983,0.60382,0.453533571,0.43874007,0.632,0.4238,65.25,28.0,4,52,,,,,,0.4532278974850972,0.16184386738159834
TCF7,GTGACCAGGTACACCAGAACCTAGCATCAAGGATGGGTGGGTGAACCTGGAGGCAGGAAG,chr5,47396029,47396089,0.147,0.0107,79,-,-,-,-,58.23437881,0.641191661,0.356675029,0.60847,0.305025163,0.238451256,0.629,0.1661,62.18181818,66.5,60,73,,,,,,0.640461246172587,0.19124964473214268
TET2,ACCAAAAGGCTAATGGAGAAAGACGTAACTTCGGGGTAAGCCAAGAAAGAAATCCAGGTG,chr4,105234285,105234345,0.0387,0.0213,65,71.12,0.27,0.57,0.64,52.65060806,0.693399072,0.495685101,0.7112,0.439966828,0.400966613,0.611,-0.08172,60.70491803,9.0,0,18,,,,,,0.6145374476909637,0.23972153656999268
TET2,GCCTGATGGAACAGGATAGAACCAACCATGTTGAGGGCAACAGACTAAGTCCATTCCTGA,chr4,105233937,105233997,0.0465,0.0,81,57.88,0.17,0.61,0.55,63.41505814,0.686971366,0.398999214,0.5788,0.571847048,0.164171918,0.49,0.3297,102.6666667,0.0,0,0,0.0,,,,,0.379647433757782,0.1489807203063126
TET2,GGATTGAATTGAAGGCCCCTCGTTTTCACCAAGCGGAATCCCATCTAAAACGTAATGAGG,chr4,105235632,105235692,0.0155,0.0213,71,58.84,0.59,0.55,0.61,32.82703781,0.598474383,0.478981078,0.5884,0.354727626,0.277816272,0.37,-,96.42857143,36.0,26,46,,,,,,0.4552251001199086,0.5027612094298504
TET2,CTTTGTAGCCAGAGGTTCTGTCTGGCAAATGGGAGGTGATGGTATCAGGAATGGACTTAG,chr4,84980514,84980574,0.0697,0.0107,47,65.36,0.82,0.63,0.61,70.15146637,0.761829436,0.577217221,0.6536,0.668398217,0.432740363,0.608,0.1893,57.13043478,71.33333333,68,74,72.0,,,,,0.7056066791216532,0.6973712368966009
TET2,CCAGGAGTTCACCATGTGTGTGTTCCACGGAAGAGGCAGAAACTGTAGCACCATTAGGCA,chr4,84979934,84979994,0.0542,0.0107,86,53.07,0.33,0.65,0.69,57.29278183,0.654796183,0.615574121,0.53071,0.582615181,0.56936921,0.443,0.04558,69.53846154,37.5,35,40,,,,,,0.5776452918847402,0.13234632638974297
TIA1,GTAATTTCTGGGCTGAGATCACCAACAAAGACATGGAAATGATCTTATAAGGGGAAGGAA,chr2,70227779,70227839,0.0155,0.0,73,68.12,0.28,0.6,0.56,64.39513397,0.663563848,0.228671938,0.68118,0.677258951,0.410551114,0.701,0.6466,76.66666667,65.5,62,69,,,,,,0.6951585213343302,0.22660128645701352
TIA1,AGTGGTAAAAGACATGGCAACAGGAAAGTCTAAGGGATATGGCTTTGTCTCCTTTTTCAA,chr2,171968909,171968969,0.00775,0.0,85,58.13,0.28,0.48,0.59,46.39468002,0.588845968,0.357304215,0.58131,0.425063292,0.325632446,0.676,0.4955,55.0,40.5,21,60,,,,,,0.5477535674969355,0.2588675506386244
TNF,GGAAGGAGAAGAGGCTGAGGAACAAGCACCGCCTGGAGCCCTGGGGCCCCCCTGTCTTCT,chr6,139230123,139230183,0.279,0.373,52,48.36,0.38,0.59,0.58,55.49041748,0.642545342,0.443231404,0.4836,0.469540209,0.273885389,0.505,-0.1722,53.29411765,97.4,94,99,99.0,98.0,97.0,,,0.7193903028964996,0.23289318143732146
TNF,GAAAGGACACCATGAGCACTGAAAGCATGATCCGGGACGTGGAGCTGGCCGAGGAGGCGC,chr6,31575730,31575790,0.314,0.405,67,56.32,0.08,0.44,0.61,62.816,0.678327322,0.507588387,0.5632,0.54289975,0.224403621,0.603,0.6628,80.66666667,77.4,74,78,78.0,81.0,76.0,,,0.5948780079682668,0.028036005943206453
TNF,CATCTATCTGGGAGGGGTCTTCCAGCTGGAGAAGGGTGACCGACTCAGCGCTGAGATCAA,chr6,31577413,31577473,0.155,0.107,34,59.93,0.41,0.53,0.64,60.92584229,0.662884593,0.636813879,0.59925,0.516928978,0.739437183,-,0.5844,63.47826087,59.0,67,51,,,,,,0.4656076629956563,0.19265786219446984
TOX,ACAGCTAAGTGCTCAACTTGGTTTGAATATGGGAGGAAGCAATGTTCCCCACAACTCACC,chr8,86286974,86287034,0.0697,0.139,57,63.5,0.4,0.57,0.63,52.53527451,0.596556902,0.31213966,0.635,0.494100147,0.427224245,0.612,-0.08937,60.85714286,63.0,55,71,,,,,,0.6639879941940308,0.38032355923234595
TOX,TTCCCATCCTCAGATGGCAGCCATGAGACCAAGGGGCCAGCCTGCAGACATCAGGCAGCA,chr8,86286869,86286929,0.0155,0.0533,89,65.96,0.43,0.66,0.65,62.25603485,0.713699281,0.6493783,0.6596,0.573471409,0.492788489,0.601,-0.01462,65.57142857,56.42857143,75,56,71.0,45.0,44.0,52.0,52.0,0.7151377101739248,0.19278031487079347
TOX,CTTCTCCCTGCCTGGACCCCTACTATTGCAACAAGGTGAACGCTCTGCTTTTGTTTCCAC,chr8,86019716,86019776,0.504,0.842,68,69.62,0.8,0.5,0.57,64.916,0.600163341,0.252200812,0.6962,0.602262586,0.44588289,0.653,0.5403,65.98360656,60.66666667,92,45,45.0,,,,,0.5998828311761221,0.622397739452579
TOX,AAAAGCAGAGCGTTCACCTTGTTGCAATAGTAGGGGTCCAGGCAGGGAGAAGGTCCCAGA,chr8,59118868,59118928,0.504,0.858,72,60.48,0.59,0.59,0.58,40.123,0.620473027,0.397139609,0.6048,0.556549456,0.461712991,0.574,-0.223,76.66666667,19.5,22,17,,,,,,0.6878304580847422,0.46965642611826003
TOX,GGACCTCCCTGAAATCACAGTCTCCAATATGCTGGGCCAGGATGGAACACTGCTTTCTAA,chr8,86199262,86199322,0.0542,0.0,44,57.65,0.14,0.43,0.54,45.61740494,0.591394901,0.410632253,0.5765,0.522718861,0.326241302,0.628,-0.3165,54.0952381,23.5,21,26,,,,,,0.3505432556072871,0.11247435765567856
TOX2,GGCCGGCCCGAGTCATAGGCAGCCACTTCCGAGTGGACCATCTCCTGGATCTAAGAGAGG,chr20,20392812,20392872,0.0155,0.0426,61,70.56,0.73,0.63,0.59,64.90306854,0.749432564,0.565967202,0.7056,0.588428939,0.351663721,0.602,0.6205,46.18867925,0.0,0,0,,,,,,0.5916086733341217,0.49945059272111714
TOX2,TCCCAGCCATCATGGTGTCCAACATGCTAGCACAGGACAGCCACCTGCTGTCGGGCCAGC,chr20,44006724,44006784,0.062,0.0107,72,60.41,0.17,0.62,0.6,66.5682373,0.630848229,0.319535613,0.6041,0.631792318,0.271560458,0.606,0.7446,73.28571429,0.5,1,0,,,,,,0.7252398331960043,0.12525447693029906
TOX2,TCCTGTGCTAGCATGTTGGACACCATGATGGCTGGGAGGTCCATGGCCTGATAGGAGTAG,chr20,20437406,20437466,0.0697,0.0107,82,62.74,0.08,0.51,0.6,51.2538681,0.632718801,0.389690191,0.6274,0.549565472,0.471586994,0.549,0.1274,78.23076923,0.5,1,0,,,,,,0.4410218844811122,0.024948830835893304
TOX2,TCCTCCTCTCTTAGATCCAGGAGATGGTCCACTCGGAAGTGGCTGCCTATGACTCGGGCC,chr20,44051291,44051351,0.0155,0.0426,68,64.06,0.83,0.4,0.63,46.461,0.442281246,0.389982581,0.6406,0.52136648,0.320729565,0.633,0.3344,71.17241379,7.0,10,4,,,,,,0.6963078081607819,0.6872524464775386
TOX2,GGCCGGCCTGGCGCACCTGGACTATTACCACGGCGGCAAGGTAGGCGGGGGCGGGCGGGG,chr20,43914950,43915010,0.263,0.181,89,75.92,0.43,0.75,0.66,74.96542358,0.717906475,0.651463151,0.7592,0.619189264,0.518263582,0.72,0.3388,92.56756757,72.0,79,65,,,,,,0.79123788078626,0.16727185907306316
TOX2,CCAGGTGCAGCTGGCGATGAGCCCCTCACCTCCAGGGCCACAGGTAAGCAGGGAAGAGCA,chr20,44066064,44066124,0.00775,0.0426,39,37.76,0.06,0.51,0.59,29.97307205,0.547692239,0.412205249,0.3776,0.372663456,0.305365247,0.359,-0.2456,70.0,56.5,54,59,,,,,,0.6114629904429117,0.022202024744532523
TSC1,CTTGCTTTGGTGTGTCAGGCCCAAGCTTGTCCAGGGAGGAGTGTAAAGGCTCAGGGTTCA,chr9,132905926,132905986,0.0581,0.0213,53,55.89,0.44,0.54,0.63,71.64704895,0.676270962,0.586553454,0.55895,0.719853114,0.506316523,0.645,0.4871,68.80851064,66.5,62,71,,,,,,0.4439559727907181,0.1940217438777828
TSC1,CCAGGGAGGAGTGTAAAGGCTCAGGGTTCACGCTGGCGCCCTGAGAACTGGAGGCTGCCG,chr9,132905956,132906016,0.062,0.0213,43,68.6,0.22,0.68,0.56,69.4833374,0.618507862,0.048477948,0.68604,0.542620275,0.139065819,0.742,0.7914,68.57142857,42.0,39,45,,,,,,0.5770311951637268,0.07913484630600287
TSC1,GCTCAGGGTTCACGCTGGCGCCCTGAGAACTGGAGGCTGCCGAGTGGGTCTTCCGCTGAG,chr9,132905974,132906034,0.0697,0.0213,33,59.29,0.44,0.69,0.64,67.71486664,0.697125733,0.506887555,0.59291,0.617722875,0.41601803,0.554,-0.1315,75.70588235,62.0,58,66,,,,,,0.6983941396077474,0.22725411766156245
TSC1,AACAACTGCAGAACAAGCACTCAGATACCACAAAGGTATGCCAGGGCTCGGGAGCCAGAC,chr9,5493968,5494028,0.0155,0.0107,82,76.03,0.28,0.63,0.65,66.51,0.704112589,0.488131613,0.77557,0.579917641,0.319241869,0.721,0.6156,86.88888889,74.5,71,78,,,,,,0.5928085098663965,0.2796528411490867
TSC1,CCAGCGTGAACCCTGAGCCTTTACACTCCTCCCTGGACAAGCTTGGGCCTGACACACCAA,chr9,5488725,5488785,0.062,0.0,66,57.48,0.14,0.48,0.55,65.08600616,0.598126352,0.539461255,0.57481,0.614191491,0.197207205,0.662,0.718,58.15384615,31.5,28,35,,,,,,0.5721352597077688,0.054902871622273586
TSC1,TGCGAATTCATCCGGAATTAGTGACTGGATCCAAGGACCATGAACTGGACCCTCGAAGGT,chr9,5473297,5473357,0.062,0.0,68,59.35,0.28,0.46,0.58,64.98728943,0.630114555,0.528870106,0.59353,0.600959999,0.483194553,0.665,0.6721,59.86046512,0.0,0,0,,,,,,0.3972049653530121,0.16919402507443534
TSC1,CAGTTCATGGTCCTTGGATCCAGTCACTAATTCCGGATGAATTCGCACATGCTCCATCAT,chr9,132921373,132921433,0.062,0.0,61,39.97,0.09,0.38,0.63,27.97307014,0.395310968,0.244083971,0.39966,0.18518631,0.305513616,0.63,-0.1874,68.89473684,7.0,5,9,,,,,,0.5163427988688151,0.08123639332405086
TSC1,AGCATGACCGAGAGGAATTCTACAACCAGAGCCAGGAATTACAGGTATAAACTGCAGCAC,chr9,5492069,5492129,0.0968,0.0533,65,54.98,0.58,0.53,0.57,48.84561157,0.496868193,0.260609567,0.54984,0.416810372,0.214636565,0.514,-0.2882,54.93548387,0.0,0,0,,,,,,0.4392720460891723,0.49669977792692693
TSC1,TCTCGGTCATGCTGCAGCTGTCTGATCTGGCTGTGGAGCTTGGTTACCATAGTGTCACGC,chr9,132902635,132902695,0.124,0.0533,28,43.21,0.55,0.59,0.61,59.33049011,0.649290144,0.585503638,0.43207,0.712873531,0.458278401,0.513,-0.1782,65.14285714,5.0,5,5,,,,,,0.3613733798265457,0.3821070139800703
TSC1,GGATAGCAGACGAGCTGGATCGCACCTTCCTGGGGGGTGTGACTGTGGCCTGGGGGAGTG,chr9,132910545,132910605,0.0852,0.0,56,58.92,0.78,0.63,0.64,64.163,0.736280859,0.682129025,-,0.599985142,0.332062636,0.632,0.5883,74.05405405,59.5,55,64,,,,,,0.6295902331670126,0.5223399839022543
ZBTB16,GGACTTCAGCACCTATGGGGGGCTGCTGCCCCAGGGCTTCATCCAGAGGGAGCTGTTCAG,chr11,114064397,114064457,0.136,0.0426,14,45.99,0.49,0.66,0.68,67.02781677,0.371479511,0.622540414,0.45991,0.671224868,0.665651236,0.594,-0.4417,70.55555556,0.0,0,0,,,,,,0.642463152607282,0.2334622791938408
ZC3H12A,CCTCTGCAGGTTTATGCCCCCTGATGACCCACTGGGCCGGCACGGGCCCAGCCTGGACAA,chr1,37482424,37482484,0.108,0.0107,56,58.81,0.46,0.5,0.7,44.71895981,0.475509346,0.470074356,0.58805,0.404522444,0.44358216,0.679,0.8585,68.57142857,0.0,0,0,,,,,,0.6554520924886068,0.21293622047185484
ZC3H12A,GGGACACGGCTGCTTCCTGTGCTCCAAAGTGAGTGGCTTCTTACGCAGGAAGTTGTCCAG,chr1,211473886,211473946,0.0697,0.0533,67,62.38,0.33,0.54,0.57,58.48986053,0.619689703,0.465110004,0.62381,0.512399009,0.585505841,0.579,-0.1434,52.81818182,0.0,0,0,,,,,,0.4544600248336792,0.15103896117924884
ZC3H12C,CATGGGCTTGAAGGATCACCTAGGGCATGACCTCGGCCACCTTTATGTGGAGAGCACTGA,chr11,110136733,110136793,0.031,0.0213,79,71.37,0.7,0.56,0.58,53.85316849,0.495240808,0.263479829,0.71372,0.616158352,0.216418984,0.671,0.2424,72.5,11.5,13,10,,,,,,0.6557370126247406,0.42323166407934204
ZC3H12C,GGTATCCATACTTGGGTTTTCTACTGTTGACCAAGGTACAGCTGGACTTAACTGTGGGTC,chr11,24949771,24949831,0.00775,0.0107,78,63.81,0.35,0.59,0.62,63.24185181,0.580237448,0.342860103,0.63805,0.596958994,0.490964888,0.542,-,71.17241379,25.5,30,21,,,,,,0.4329386005798976,0.30694958916969023
ZEB2,GCGACCGGGGCTACAAGCGCTTGACATCACTGAAGGAGCACATCAAGTACCGCCACGAGA,chr2,97789453,97789513,0.0232,0.0,64,62.23,0.13,0.62,0.63,55.61817169,0.678092062,0.429860711,0.6223,0.404419077,0.306238418,0.743,0.2627,68.82352941,38.66666667,22,41,53.0,,,,,0.7017556925614675,0.05050969890907266
ZEB2,ATATTGCTGAGGATGACGGTATTGCCAACCCTCTGGACCAGGAGACGAGTCCAGCTAGTG,chr2,97763563,97763623,0.062,0.0746,69,51.02,0.15,0.49,0.58,52.22290421,0.52726984,0.441503525,0.5102,0.467464726,0.375871095,0.562,-0.3569,78.66666667,39.5,42,37,,,,,,0.6104734390974045,0.05980738531109124
ZEB2,AAGAGAAGCTGTTTGGAGTGTATGAACTACTGTGGGAGTTTTTAGAAGATGTGGAGGAAA,chr2,144398764,144398824,0.0232,0.0107,87,69.9,0.21,0.54,0.63,51.11399841,0.721587121,0.621685624,0.699,0.565800681,0.433575483,0.553,-0.06578,61.94117647,1.5,2,1,,,,,,0.7122187713781992,0.2524741159094753
ZEB2,CAGCAAGAAATGTATTGGTTTAATCTCTGTAAATGGCCGAATGAGAAACAATATCAAGAC,chr2,97793332,97793392,0.031,0.0,54,39.09,0.29,0.43,0.59,10.83253384,0.321178079,0.0,0.3909,0.234266912,0.384697562,0.48,-1.119,54.33333333,27.5,25,30,,,,,,0.3734264820814132,0.5649420895936572
ZFP41,AGAAGAGTGCGCTCAGAGAGGAGAAGGTGTCCGGGGACAGAAAGCCACCTGAGAGGCCCA,chr8,143249904,143249964,0.0813,0.064,18,64.49,0.6,0.58,0.68,70.90969849,0.678198636,0.676487923,0.64491,0.663021342,0.696880114,0.555,-0.247,85.38596491,12.0,12,9,,,,,,0.381885161002477,0.3162803740825678
ZNF469,CTGGGCGGCGGCTGCTCTGGTATCAGGAGACCGGGGCTTGCTCCCATTTCTCCCGCACAG,chr16,1907063,1907123,0.147,0.16,37,68.43,0.92,0.74,0.62,80.29755402,0.698594689,0.605585515,0.68433,0.774061843,0.408755759,-,0.1027,88.74193548,83.0,83,80,,,,,,0.7244957486788431,0.7896407945504352
ZNF683,GAGTTGACAGGGGGACAGGGGCAGAAAGCCAAGGGGCTGGGGCTCTTTCTGTTCTGCAGC,chr1,26365006,26365066,0.101,0.0,62,57.34,0.79,0.71,0.65,69.63941956,0.681973517,0.572341323,0.57338,0.550513358,0.739207333,-,0.844,69.8372093,73.0,73,78,,,,,,0.6582940419514974,0.45373637036762166
ZNF75D,TCCTGAGCATTCTGCCCAAGGAGACCCAGAACTGGGTGCAGAAGCATCATCCACAGAATG,chrX,20747044,20747104,0.0387,0.0,62,57.99,0.45,0.51,0.64,70.34371948,0.564483643,0.513369381,0.57987,0.55784041,0.606388318,-,0.6617,70.0,72.0,72,70,,,,,,0.5588876108328501,0.3128225476240156
ZNF831,CCAGCTGTTCCAGGCCACAGGATGGGAGAAAAGGGGCACAGTTGGGGGGGGACAAGGGGG,chr20,59194041,59194101,0.112,0.032,54,56.41,0.53,0.66,0.65,76.4839325,0.692776203,0.637215257,0.56412,0.562699723,0.696901532,-,0.1045,57.75,58.0,58,61,,,,,,0.6412640362977982,0.22811670575458554
